x,y
0.8071051956187791,0.030255292485177485
0.38786064406417176,0.18100846990168803
0.8635418545594287,0.07897707004433271
0.7471216427371846,0.16764177203580888
0.5562402339904189,0.10736833414268387
0.13645522566068502,-0.4473690489475719
0.05991768951221166,-0.2588260475179234
0.12134345574073735,-0.2876887131561502
0.044551878544761725,-0.4492666927020985
0.1074941291060929,-0.3053642322603726
0.2257093386078547,-0.42459960554394993
0.7129889803826767,-0.129215857071763
0.5597169820541424,0.1704161160109724
0.012555980159115854,-0.6821078717596571
0.07197427968948678,-0.7578512889371196
0.967276330000272,-0.050095950560811786
0.5681004619199421,-0.0374279792032923
0.20329323466099047,-0.17646682325634655
0.2523257445703234,-0.6895221413780512
0.7438258540750929,-0.2729503541060365
