cut_height_cm,trim_height_cm,trim_width_cm,flight_time_s,round
14.5,4.0,2.0,3.95,1
14.5,4.0,0.0,3.85,1
14.8,3.5,3.5,3.78,1
9.0,0.5,0.5,3.75,1
11.0,1.0,1.0,3.65,1
10.0,0.5,0.5,3.54,1
10.5,5.0,2.0,3.51,1
10.5,1.0,3.0,3.5,1
9.6,3.0,1.5,3.24,1
8.0,1.0,1.0,3.23,1
12.0,4.0,2.0,3.14,1
7.0,0.5,1.0,3.01,1
7.0,0.0,2.0,2.98,1
14.8,11.0,0.0,2.78,1
3.5,0.0,2.0,2.17,1
14.0,2.0,4.5,2.14,1
14.885,7.425,7.0,2.01,1
5.0,2.0,6.0,1.76,1
6.9,4.5,1.5,1.63,1
8.0,1.0,1.0,3.15,2
8.0,1.0,1.0,3.32,2
10.5,1.0,3.0,3.45,2
10.5,1.0,3.0,3.55,2
10.0,0.5,0.5,3.75,2
10.0,0.5,0.5,3.33,2
11.0,1.0,1.0,3.57,2
11.0,1.0,1.0,3.73,2
9.0,0.5,0.5,3.6,2
9.0,0.5,0.5,3.55,2
5.0,2.0,6.0,1.86,2
5.0,2.0,6.0,1.66,2
14.85,4.56,2.28,3.96,2
14.85,4.56,2.28,3.9,2
14.7,4.3,2.2,3.71,2
14.7,4.3,2.2,3.99,2
14.5,4.0,2.0,3.61,2
14.5,4.0,2.0,3.42,2
