date,consumption_kwh_per_15min
2022-01-01,1461628.582661458
2022-01-02,1477255.4354218757
2022-01-03,1703876.9322434897
2022-01-04,1728086.0025768215
2022-01-05,1892409.635920573
2022-01-06,1943764.5830455737
2022-01-07,1986508.314097656
2022-01-08,1771627.0079947915
2022-01-09,1670842.9857447925
2022-01-10,1991475.0432226567
2022-01-11,2045709.8003268223
2022-01-12,2090928.3333164065
2022-01-13,2111491.20733724
2022-01-14,2071923.4277539065
2022-01-15,1852567.4737031248
2022-01-16,1733719.692682292
2022-01-17,1996451.5990247391
2022-01-18,2042751.5329414064
2022-01-19,2037164.8700976565
2022-01-20,2056623.7778476565
2022-01-21,2055391.6658059896
2022-01-22,1834674.3770989585
2022-01-23,1729921.7035364583
2022-01-24,2023150.14902474
2022-01-25,2041874.067993489
2022-01-26,2065185.804170573
2022-01-27,2066298.445451823
2022-01-28,1996664.517785156
2022-01-29,1761403.1837031252
2022-01-30,1619545.1943697913
2022-01-31,2001157.14077474
2022-02-01,2057400.667191407
2022-02-02,1987116.4604414057
2022-02-03,1950421.9469726563
2022-02-04,1934243.3960247403
2022-02-05,1718099.597828125
2022-02-06,1666446.758901042
2022-02-07,1940656.223597656
2022-02-08,1973998.2457747397
2022-02-09,1954786.391264323
2022-02-10,1914561.7733476565
2022-02-11,1920067.7095872397
2022-02-12,1766721.1780260426
2022-02-13,1633747.167921875
2022-02-14,1944777.036358073
2022-02-15,1964314.0408580725
2022-02-16,1980371.2918059907
2022-02-17,1870386.1728580731
2022-02-18,1833122.9562122384
2022-02-19,1666952.9173697906
2022-02-20,1550914.8693385415
2022-02-21,1896885.98127474
2022-02-22,1901435.9077747392
2022-02-23,1855981.4282955728
2022-02-24,1868897.8494101567
2022-02-25,1880845.588378905
2022-02-26,1696218.7013802088
2022-02-27,1621242.8472968747
2022-02-28,1892822.4153789056
2022-03-01,1917222.498920572
2022-03-02,1907685.5418372396
2022-03-03,1837710.5219518223
2022-03-04,1858614.21546224
2022-03-05,1701851.8522968746
2022-03-06,1616349.585276042
2022-03-07,1905144.4049934903
2022-03-08,1941874.363576823
2022-03-09,1906668.786035156
2022-03-10,1865339.854233073
2022-03-11,1841206.811170573
2022-03-12,1598950.3337343752
2022-03-13,1491427.484067708
2022-03-14,1741527.3018893236
2022-03-15,1830292.0300768225
2022-03-16,1780259.711441406
2022-03-17,1762257.1470664062
2022-03-18,1801506.4927955728
2022-03-19,1562493.3533906254
2022-03-20,1453366.2363072915
2022-03-21,1736041.002509115
2022-03-22,1755190.7127174474
2022-03-23,1750849.5604153655
2022-03-24,1713224.031373698
2022-03-25,1684715.9931861977
2022-03-26,1462149.8647122397
2022-03-27,1357781.5111644024
2022-03-28,1642675.272623698
2022-03-29,1675572.4507278649
2022-03-30,1723773.4981236972
2022-03-31,1774264.8946861976
2022-04-01,1895415.579259114
2022-04-02,1749141.690003906
2022-04-03,1635160.8173411454
2022-04-04,1844747.9833632808
2022-04-05,1815620.6139986971
2022-04-06,1737690.0908841146
2022-04-07,1770415.120738282
2022-04-08,1759510.5551757817
2022-04-09,1572306.299316407
2022-04-10,1448025.2196536453
2022-04-11,1686692.9782695302
2022-04-12,1642219.1325299477
2022-04-13,1593638.9811028645
2022-04-14,1521496.9233632805
2022-04-15,1240596.1947161458
2022-04-16,1267566.126430989
2022-04-17,1209753.348861979
2022-04-18,1252560.824539063
2022-04-19,1525537.3688841143
2022-04-20,1573598.4365507814
2022-04-21,1571681.97086328
2022-04-22,1563549.114196615
2022-04-23,1394884.9630872393
2022-04-24,1343979.6844661457
2022-04-25,1648578.1941757817
2022-04-26,1667623.9824049475
2022-04-27,1619678.2212695312
2022-04-28,1593799.2853320322
2022-04-29,1567540.5807486984
2022-04-30,1390674.3908059895
2022-05-01,1282371.2047786464
2022-05-02,1541609.2814361977
2022-05-03,1592249.783425782
2022-05-04,1604901.0209466144
2022-05-05,1664366.0077486988
2022-05-06,1654648.7210195314
2022-05-07,1377257.8973997398
2022-05-08,1265637.0860494797
2022-05-09,1531158.1370507812
2022-05-10,1519695.0009570308
2022-05-11,1526330.5862278645
2022-05-12,1528961.1080507815
2022-05-13,1531125.6927591146
2022-05-14,1279110.503014323
2022-05-15,1180118.3476770832
2022-05-16,1503008.8012200522
2022-05-17,1511242.8845221354
2022-05-18,1509681.3485221353
2022-05-19,1532356.723459636
2022-05-20,1523449.756865885
2022-05-21,1304444.8705416669
2022-05-22,1211341.7124270832
2022-05-23,1530239.4536471365
2022-05-24,1556938.6115950516
2022-05-25,1487196.1316471358
2022-05-26,1212794.2589791666
2022-05-27,1324842.0902200516
2022-05-28,1240034.5777604168
2022-05-29,1190004.929666667
2022-05-30,1465671.1095325518
2022-05-31,1528871.4330221356
2022-06-01,1536611.5678763029
2022-06-02,1522761.7865013017
2022-06-03,1517532.6783450518
2022-06-04,1281553.6187812502
2022-06-05,1197927.5031979163
2022-06-06,1212764.5439166669
2022-06-07,1501513.1847929691
2022-06-08,1512214.8158242183
2022-06-09,1527934.224386719
2022-06-10,1476874.8208658851
2022-06-11,1266780.421822917
2022-06-12,1187066.209333333
2022-06-13,1494479.3555117191
2022-06-14,1510190.783938802
2022-06-15,1530686.572365885
2022-06-16,1476658.7650533856
2022-06-17,1481417.5155013015
2022-06-18,1305322.4195729163
2022-06-19,1232369.657239583
2022-06-20,1538988.5718450523
2022-06-21,1570273.016063802
2022-06-22,1577030.374407552
2022-06-23,1515375.694605469
2022-06-24,1519714.3105742186
2022-06-25,1259799.1760729167
2022-06-26,1185230.320072916
2022-06-27,1510638.753334635
2022-06-28,1534890.4600742187
2022-06-29,1495214.169324219
2022-06-30,1522877.8928346348
2022-07-01,1506690.9159388023
2022-07-02,1252294.87803125
2022-07-03,1176150.780375
2022-07-04,1517977.112355468
2022-07-05,1495441.1582408852
2022-07-06,1481449.2786367182
2022-07-07,1491497.6802096358
2022-07-08,1449266.976626302
2022-07-09,1245189.466125
2022-07-10,1154639.0390729164
2022-07-11,1426507.7831783846
2022-07-12,1464410.9948450525
2022-07-13,1481949.807240886
2022-07-14,1509519.2444388012
2022-07-15,1467779.0013033848
2022-07-16,1239064.062041667
2022-07-17,1152678.8477083335
2022-07-18,1431371.0273138024
2022-07-19,1476801.3266992187
2022-07-20,1516020.6098450522
2022-07-21,1472218.3018346357
2022-07-22,1431226.623824219
2022-07-23,1257495.3755416663
2022-07-24,1137663.9996875
2022-07-25,1400373.0689179683
2022-07-26,1393742.399845052
2022-07-27,1360700.9426263026
2022-07-28,1365075.4312096348
2022-07-29,1375644.6722929685
2022-07-30,1181603.8356145832
2022-07-31,1086745.928635416
2022-08-01,1121612.1158958331
2022-08-02,1336326.468886719
2022-08-03,1372960.2517929687
2022-08-04,1402159.1912513024
2022-08-05,1413429.903115885
2022-08-06,1226169.7311875003
2022-08-07,1126126.975729166
2022-08-08,1359149.886563802
2022-08-09,1393005.4709596352
2022-08-10,1404483.9010013023
2022-08-11,1419164.0286783855
2022-08-12,1416796.7816575516
2022-08-13,1216070.812802083
2022-08-14,1154455.9005208334
2022-08-15,1370213.6046471356
2022-08-16,1464809.2198658856
2022-08-17,1508272.0784908857
2022-08-18,1509285.318001301
2022-08-19,1517784.474657552
2022-08-20,1270653.6454687498
2022-08-21,1157480.9906770836
2022-08-22,1439835.943792969
2022-08-23,1466709.214761719
2022-08-24,1480631.1545013022
2022-08-25,1486992.7569492196
2022-08-26,1504957.1879596354
2022-08-27,1270594.3157500003
2022-08-28,1175626.63625
2022-08-29,1458074.6541263016
2022-08-30,1507435.1156575524
2022-08-31,1520489.4196054684
2022-09-01,1500662.3176158853
2022-09-02,1477312.5502617185
2022-09-03,1282025.2484791663
2022-09-04,1169502.4190104173
2022-09-05,1487475.784990885
2022-09-06,1542836.589365885
2022-09-07,1541097.5793450524
2022-09-08,1496599.101782552
2022-09-09,1489721.9820846363
2022-09-10,1277727.6468229168
2022-09-11,1171680.0756770829
2022-09-12,1463041.582313802
2022-09-13,1517506.7985533867
2022-09-14,1566733.0120846352
2022-09-15,1566014.1958632814
2022-09-16,1523511.8973216142
2022-09-17,1318416.2258789055
2022-09-18,1217091.4355598956
2022-09-19,1480005.8531549473
2022-09-20,1521804.958915365
2022-09-21,1522338.7713424482
2022-09-22,1529038.5155507815
2022-09-23,1531529.2360091156
2022-09-24,1356261.4200768226
2022-09-25,1273038.1494348955
2022-09-26,1549140.2604986976
2022-09-27,1619986.8512591145
2022-09-28,1669578.7334257811
2022-09-29,1649840.2385195314
2022-09-30,1615565.9420507809
2022-10-01,1424317.51914974
2022-10-02,1265288.4046119794
2022-10-03,1518605.270279948
2022-10-04,1537584.4211132813
2022-10-05,1524140.5361966148
2022-10-06,1507267.057634115
2022-10-07,1495272.7213632811
2022-10-08,1322649.6175455726
2022-10-09,1242253.481799479
2022-10-10,1500122.376977865
2022-10-11,1517766.5879986985
2022-10-12,1538244.6737903638
2022-10-13,1551501.3352903647
2022-10-14,1547783.7557903647
2022-10-15,1317268.5100143233
2022-10-16,1208899.0446119788
2022-10-17,1483383.5090403648
2022-10-18,1499763.4647070318
2022-10-19,1506443.5742903652
2022-10-20,1537747.3031757816
2022-10-21,1556601.4721653648
2022-10-22,1308674.679858073
2022-10-23,1232907.9118307289
2022-10-24,1568383.659425781
2022-10-25,1561205.8649361974
2022-10-26,1559061.0312591146
2022-10-27,1549589.6593320307
2022-10-28,1552788.8460924483
2022-10-29,1325927.3275768233
2022-10-30,1240728.6941137493
2022-10-31,1506888.0141132807
2022-11-01,1476602.549753907
2022-11-02,1599275.037430989
2022-11-03,1651425.9903059893
2022-11-04,1655076.406753906
2022-11-05,1468213.2562656251
2022-11-06,1392912.3975364582
2022-11-07,1637083.7914830733
2022-11-08,1682599.658410156
2022-11-09,1716443.587149739
2022-11-10,1669464.426337239
2022-11-11,1672998.9736497395
2022-11-12,1481539.1357656252
2022-11-13,1405215.210869792
2022-11-14,1715500.0594830727
2022-11-15,1728035.3665768225
2022-11-16,1681145.1171184897
2022-11-17,1685631.2293580745
2022-11-18,1728351.6265872398
2022-11-19,1552033.8649322914
2022-11-20,1474981.4978906251
2022-11-21,1767453.1054934894
2022-11-22,1828533.8300351547
2022-11-23,1843237.2415143216
2022-11-24,1835043.9846080728
2022-11-25,1817969.9340247395
2022-11-26,1606675.9226302083
2022-11-27,1529298.9948802085
2022-11-28,1787218.65189974
2022-11-29,1816229.7984934892
2022-11-30,1861674.1119726563
2022-12-01,1905678.5184697183
2022-12-02,1895715.783119084
2022-12-03,1708882.558146187
2022-12-04,1590619.5941493856
2022-12-05,1886880.79626373
2022-12-06,1940289.0839700308
2022-12-07,1969500.7589313749
2022-12-08,1922556.781705573
2022-12-09,1959587.833215104
2022-12-10,1781924.6884332497
2022-12-11,1745272.75362326
2022-12-12,2088684.2215064892
2022-12-13,2101984.270253729
2022-12-14,2023864.2827234787
2022-12-15,2001088.4707102391
2022-12-16,2008763.2318933867
2022-12-17,1847677.4782580307
2022-12-18,1738827.5898778748
2022-12-19,1919781.4222332928
2022-12-20,1883130.1887754377
2022-12-21,1823750.6776746043
2022-12-22,1736218.4327265527
2022-12-23,1641845.5563890096
2022-12-24,1460776.1344716772
2022-12-25,1357702.594171011
2022-12-26,1412406.486590229
2022-12-27,1543402.1222625216
2022-12-28,1560741.834931
2022-12-29,1540809.8827441465
2022-12-30,1534755.496407073
2022-12-31,1398079.5513520108
